id,title,timestamp,previous,user_action,next,section,confidence,notes,free_premium
001,Imported Clue Screen 22,Manual,,Manual screenshot inserted before the recorded video sequence.,002,App entry,High,"Inserted from the supplied OneDrive Clue screenshot series, sorted by image filename.",Not observed
002,Imported Clue Screen 25,Manual,001,Manual screenshot inserted before the recorded video sequence.,003,App entry,High,"Inserted from the supplied OneDrive Clue screenshot series, sorted by image filename.",Not observed
003,Imported Clue Screen 25-1,Manual,002,Manual screenshot inserted before the recorded video sequence.,004,App entry,High,"Inserted from the supplied OneDrive Clue screenshot series, sorted by image filename.",Not observed
004,Imported Clue Screen 25-2,Manual,003,Manual screenshot inserted before the recorded video sequence.,005,App entry,High,"Inserted from the supplied OneDrive Clue screenshot series, sorted by image filename.",Not observed
005,Imported Clue Screen 25-3,Manual,004,Manual screenshot inserted before the recorded video sequence.,006,App entry,High,"Inserted from the supplied OneDrive Clue screenshot series, sorted by image filename.",Not observed
006,Imported Clue Screen 26,Manual,005,Manual screenshot inserted before the recorded video sequence.,007,App entry,High,"Inserted from the supplied OneDrive Clue screenshot series, sorted by image filename.",Not observed
007,Imported Clue Screen 26-1,Manual,006,Manual screenshot inserted before the recorded video sequence.,008,App entry,High,"Inserted from the supplied OneDrive Clue screenshot series, sorted by image filename.",Not observed
008,Imported Clue Screen 26-2,Manual,007,Manual screenshot inserted before the recorded video sequence.,009,App entry,High,"Inserted from the supplied OneDrive Clue screenshot series, sorted by image filename.",Not observed
009,Imported Clue Screen 27,Manual,008,Manual screenshot inserted before the recorded video sequence.,010,App entry,High,"Inserted from the supplied OneDrive Clue screenshot series, sorted by image filename.",Not observed
010,Imported Clue Screen 27-1,Manual,009,Manual screenshot inserted before the recorded video sequence.,011,App entry,High,"Inserted from the supplied OneDrive Clue screenshot series, sorted by image filename.",Not observed
011,Imported Clue Screen 28,Manual,010,Manual screenshot inserted before the recorded video sequence.,012,App entry,High,"Inserted from the supplied OneDrive Clue screenshot series, sorted by image filename.",Not observed
012,Imported Clue Screen 28-1,Manual,011,Manual screenshot inserted before the recorded video sequence.,013,App entry,High,"Inserted from the supplied OneDrive Clue screenshot series, sorted by image filename.",Not observed
013,Imported Clue Screen 29,Manual,012,Manual screenshot inserted before the recorded video sequence.,014,App entry,High,"Inserted from the supplied OneDrive Clue screenshot series, sorted by image filename.",Not observed
014,Imported Clue Screen 87,Manual,013,Manual screenshot inserted before the recorded video sequence.,015,App entry,High,"Inserted from the supplied OneDrive Clue screenshot series, sorted by image filename.",Not observed
015,Imported Clue Screen 87-1,Manual,014,Manual screenshot inserted before the recorded video sequence.,016,App entry,High,"Inserted from the supplied OneDrive Clue screenshot series, sorted by image filename.",Not observed
016,Imported Clue Screen 87-2,Manual,015,Manual screenshot inserted before the recorded video sequence.,017,App entry,High,"Inserted from the supplied OneDrive Clue screenshot series, sorted by image filename.",Not observed
017,Imported Clue Screen 87-3,Manual,016,Manual screenshot inserted before the recorded video sequence.,018,App entry,High,"Inserted from the supplied OneDrive Clue screenshot series, sorted by image filename.",Not observed
018,Imported Clue Screen 87-4,Manual,017,Manual screenshot inserted before the recorded video sequence.,019,App entry,High,"Inserted from the supplied OneDrive Clue screenshot series, sorted by image filename.",Not observed
019,Imported Clue Screen 88,Manual,018,Manual screenshot inserted before the recorded video sequence.,020,App entry,High,"Inserted from the supplied OneDrive Clue screenshot series, sorted by image filename.",Not observed
020,Imported Clue Screen 89,Manual,019,Manual screenshot inserted before the recorded video sequence.,021,App entry,High,"Inserted from the supplied OneDrive Clue screenshot series, sorted by image filename.",Not observed
021,Imported Clue Screen 89-1,Manual,020,Manual screenshot inserted before the recorded video sequence.,022,App entry,High,"Inserted from the supplied OneDrive Clue screenshot series, sorted by image filename.",Not observed
022,Imported Clue Screen 89-2,Manual,021,Manual screenshot inserted before the recorded video sequence.,023,App entry,High,"Inserted from the supplied OneDrive Clue screenshot series, sorted by image filename.",Not observed
023,Imported Clue Screen 90,Manual,022,Manual screenshot inserted before the recorded video sequence.,024,App entry,High,"Inserted from the supplied OneDrive Clue screenshot series, sorted by image filename.",Not observed
024,Imported Clue Screen 90-1,Manual,023,Manual screenshot inserted before the recorded video sequence.,025,App entry,High,"Inserted from the supplied OneDrive Clue screenshot series, sorted by image filename.",Not observed
025,Daily Check In,00:27,024,Next observed action in recording,026,Current cycle dashboard,Medium,Auto-extracted unique UI state; interpretation is conservative and evidence-led. Continued from video-derived Clue frames after removing old 001-004. Continued from video-derived Clue frames after removing old 001-004.,Not observed as paid on this screen
026,Current Cycle Dashboard State,00:28,025,Next observed action in recording,027,Current cycle dashboard,Medium,Auto-extracted unique UI state; interpretation is conservative and evidence-led. Continued from video-derived Clue frames after removing old 001-004. Continued from video-derived Clue frames after removing old 001-004.,Not observed as paid on this screen
027,Current Cycle Dashboard State,00:30,026,Next observed action in recording,028,Current cycle dashboard,Medium,Auto-extracted unique UI state; interpretation is conservative and evidence-led. Continued from video-derived Clue frames after removing old 001-004. Continued from video-derived Clue frames after removing old 001-004.,Not observed as paid on this screen
028,Tracking Categories,00:32,027,Next observed action in recording,029,Current cycle dashboard,Medium,Auto-extracted unique UI state; interpretation is conservative and evidence-led. Continued from video-derived Clue frames after removing old 001-004. Continued from video-derived Clue frames after removing old 001-004.,Not observed as paid on this screen
029,Current Cycle Dashboard State,00:38,028,Next observed action in recording,030,Current cycle dashboard,Medium,Auto-extracted unique UI state; interpretation is conservative and evidence-led. Continued from video-derived Clue frames after removing old 001-004. Continued from video-derived Clue frames after removing old 001-004.,Not observed as paid on this screen
030,Current Cycle Dashboard State,00:40,029,Next observed action in recording,031,Current cycle dashboard,Medium,Auto-extracted unique UI state; interpretation is conservative and evidence-led. Continued from video-derived Clue frames after removing old 001-004. Continued from video-derived Clue frames after removing old 001-004.,Not observed as paid on this screen
031,Current Cycle Dashboard State,00:41,030,Next observed action in recording,032,Current cycle dashboard,Medium,Auto-extracted unique UI state; interpretation is conservative and evidence-led. Continued from video-derived Clue frames after removing old 001-004. Continued from video-derived Clue frames after removing old 001-004.,Not observed as paid on this screen
032,Birth Control Settings,00:43,031,Next observed action in recording,033,Current cycle dashboard,Medium,Auto-extracted unique UI state; interpretation is conservative and evidence-led. Continued from video-derived Clue frames after removing old 001-004. Continued from video-derived Clue frames after removing old 001-004.,Not observed as paid on this screen
033,Daily Check-In Tracking State,00:44,032,Next observed action in recording,034,Daily check-in and tracking,Medium,Auto-extracted unique UI state; interpretation is conservative and evidence-led. Continued from video-derived Clue frames after removing old 001-004. Continued from video-derived Clue frames after removing old 001-004.,Not observed as paid on this screen
034,Daily Check-In Tracking State,00:45,033,Next observed action in recording,035,Daily check-in and tracking,Medium,Auto-extracted unique UI state; interpretation is conservative and evidence-led. Continued from video-derived Clue frames after removing old 001-004. Continued from video-derived Clue frames after removing old 001-004.,Not observed as paid on this screen
035,Daily Check-In Tracking State,00:46,034,Next observed action in recording,036,Daily check-in and tracking,Medium,Auto-extracted unique UI state; interpretation is conservative and evidence-led. Continued from video-derived Clue frames after removing old 001-004. Continued from video-derived Clue frames after removing old 001-004.,Not observed as paid on this screen
036,Daily Check-In Tracking State,00:47,035,Next observed action in recording,037,Daily check-in and tracking,Medium,Auto-extracted unique UI state; interpretation is conservative and evidence-led. Continued from video-derived Clue frames after removing old 001-004. Continued from video-derived Clue frames after removing old 001-004.,Not observed as paid on this screen
037,Daily Check-In Tracking State,01:07,036,Next observed action in recording,038,Daily check-in and tracking,Medium,Auto-extracted unique UI state; interpretation is conservative and evidence-led. Continued from video-derived Clue frames after removing old 001-004. Continued from video-derived Clue frames after removing old 001-004.,Not observed as paid on this screen
038,Cycle Phase Education,01:08,037,Next observed action in recording,039,Daily check-in and tracking,Medium,Auto-extracted unique UI state; interpretation is conservative and evidence-led. Continued from video-derived Clue frames after removing old 001-004. Continued from video-derived Clue frames after removing old 001-004.,Not observed as paid on this screen
039,Daily Check-In Tracking State,01:09,038,Next observed action in recording,040,Daily check-in and tracking,Medium,Auto-extracted unique UI state; interpretation is conservative and evidence-led. Continued from video-derived Clue frames after removing old 001-004. Continued from video-derived Clue frames after removing old 001-004.,Not observed as paid on this screen
040,Daily Check-In Tracking State,01:10,039,Next observed action in recording,041,Daily check-in and tracking,Medium,Auto-extracted unique UI state; interpretation is conservative and evidence-led. Continued from video-derived Clue frames after removing old 001-004. Continued from video-derived Clue frames after removing old 001-004.,Not observed as paid on this screen
041,Daily Check-In Tracking State,01:11,040,Next observed action in recording,042,Daily check-in and tracking,Medium,Auto-extracted unique UI state; interpretation is conservative and evidence-led. Continued from video-derived Clue frames after removing old 001-004. Continued from video-derived Clue frames after removing old 001-004.,Not observed as paid on this screen
042,Daily Check-In Tracking State,01:12,041,Next observed action in recording,043,Daily check-in and tracking,Medium,Auto-extracted unique UI state; interpretation is conservative and evidence-led. Continued from video-derived Clue frames after removing old 001-004. Continued from video-derived Clue frames after removing old 001-004.,Not observed as paid on this screen
043,Daily Check-In Tracking State,01:16,042,Next observed action in recording,044,Daily check-in and tracking,Medium,Auto-extracted unique UI state; interpretation is conservative and evidence-led. Continued from video-derived Clue frames after removing old 001-004. Continued from video-derived Clue frames after removing old 001-004.,Not observed as paid on this screen
044,Daily Check-In Tracking State,01:19,043,Next observed action in recording,045,Daily check-in and tracking,Medium,Auto-extracted unique UI state; interpretation is conservative and evidence-led. Continued from video-derived Clue frames after removing old 001-004. Continued from video-derived Clue frames after removing old 001-004.,Not observed as paid on this screen
045,Articles Health Education,01:20,044,Next observed action in recording,046,Calendar and cycle history,Medium,Auto-extracted unique UI state; interpretation is conservative and evidence-led. Continued from video-derived Clue frames after removing old 001-004. Continued from video-derived Clue frames after removing old 001-004.,Not observed as paid on this screen
046,Calendar Cycle History State,01:21,045,Next observed action in recording,047,Calendar and cycle history,Medium,Auto-extracted unique UI state; interpretation is conservative and evidence-led. Continued from video-derived Clue frames after removing old 001-004. Continued from video-derived Clue frames after removing old 001-004.,Not observed as paid on this screen
047,Calendar Cycle History State,01:22,046,Next observed action in recording,048,Calendar and cycle history,Medium,Auto-extracted unique UI state; interpretation is conservative and evidence-led. Continued from video-derived Clue frames after removing old 001-004. Continued from video-derived Clue frames after removing old 001-004.,Not observed as paid on this screen
048,Calendar Cycle History State,01:23,047,Next observed action in recording,049,Calendar and cycle history,Medium,Auto-extracted unique UI state; interpretation is conservative and evidence-led. Continued from video-derived Clue frames after removing old 001-004. Continued from video-derived Clue frames after removing old 001-004.,Not observed as paid on this screen
049,Calendar Cycle History State,01:25,048,Next observed action in recording,050,Calendar and cycle history,Medium,Auto-extracted unique UI state; interpretation is conservative and evidence-led. Continued from video-derived Clue frames after removing old 001-004. Continued from video-derived Clue frames after removing old 001-004.,Not observed as paid on this screen
050,Calendar Cycle History State,01:26,049,Next observed action in recording,051,Calendar and cycle history,Medium,Auto-extracted unique UI state; interpretation is conservative and evidence-led. Continued from video-derived Clue frames after removing old 001-004. Continued from video-derived Clue frames after removing old 001-004.,Not observed as paid on this screen
051,Calendar Cycle History State,01:27,050,Next observed action in recording,052,Calendar and cycle history,Medium,Auto-extracted unique UI state; interpretation is conservative and evidence-led. Continued from video-derived Clue frames after removing old 001-004. Continued from video-derived Clue frames after removing old 001-004.,Not observed as paid on this screen
052,Calendar Cycle History State,01:28,051,Next observed action in recording,053,Calendar and cycle history,Medium,Auto-extracted unique UI state; interpretation is conservative and evidence-led. Continued from video-derived Clue frames after removing old 001-004. Continued from video-derived Clue frames after removing old 001-004.,Not observed as paid on this screen
053,Calendar Cycle History State,01:29,052,Next observed action in recording,054,Calendar and cycle history,Medium,Auto-extracted unique UI state; interpretation is conservative and evidence-led. Continued from video-derived Clue frames after removing old 001-004. Continued from video-derived Clue frames after removing old 001-004.,Not observed as paid on this screen
054,Calendar Cycle History State,01:30,053,Next observed action in recording,055,Calendar and cycle history,Medium,Auto-extracted unique UI state; interpretation is conservative and evidence-led. Continued from video-derived Clue frames after removing old 001-004. Continued from video-derived Clue frames after removing old 001-004.,Not observed as paid on this screen
055,Analysis Statistics,01:31,054,Next observed action in recording,056,Calendar and cycle history,Medium,Auto-extracted unique UI state; interpretation is conservative and evidence-led. Continued from video-derived Clue frames after removing old 001-004. Continued from video-derived Clue frames after removing old 001-004.,Not observed as paid on this screen
056,Birth-Control Settings State,01:34,055,Next observed action in recording,057,Birth-control settings,Medium,Auto-extracted unique UI state; interpretation is conservative and evidence-led. Continued from video-derived Clue frames after removing old 001-004. Continued from video-derived Clue frames after removing old 001-004.,Not observed as paid on this screen
057,Birth-Control Settings State,01:35,056,Next observed action in recording,058,Birth-control settings,Medium,Auto-extracted unique UI state; interpretation is conservative and evidence-led. Continued from video-derived Clue frames after removing old 001-004. Continued from video-derived Clue frames after removing old 001-004.,Not observed as paid on this screen
058,Birth-Control Settings State,01:36,057,Next observed action in recording,059,Birth-control settings,Medium,Auto-extracted unique UI state; interpretation is conservative and evidence-led. Continued from video-derived Clue frames after removing old 001-004. Continued from video-derived Clue frames after removing old 001-004.,Not observed as paid on this screen
059,Birth-Control Settings State,01:37,058,Next observed action in recording,060,Birth-control settings,Medium,Auto-extracted unique UI state; interpretation is conservative and evidence-led. Continued from video-derived Clue frames after removing old 001-004. Continued from video-derived Clue frames after removing old 001-004.,Not observed as paid on this screen
060,Birth-Control Settings State,01:39,059,Next observed action in recording,061,Birth-control settings,Medium,Auto-extracted unique UI state; interpretation is conservative and evidence-led. Continued from video-derived Clue frames after removing old 001-004. Continued from video-derived Clue frames after removing old 001-004.,Not observed as paid on this screen
061,Birth-Control Settings State,01:40,060,Next observed action in recording,062,Birth-control settings,Medium,Auto-extracted unique UI state; interpretation is conservative and evidence-led. Continued from video-derived Clue frames after removing old 001-004. Continued from video-derived Clue frames after removing old 001-004.,Not observed as paid on this screen
062,Wearable Integrations,01:43,061,Next observed action in recording,063,Birth-control settings,Medium,Auto-extracted unique UI state; interpretation is conservative and evidence-led. Continued from video-derived Clue frames after removing old 001-004. Continued from video-derived Clue frames after removing old 001-004.,Not observed as paid on this screen
063,Birth-Control Settings State,01:45,062,Next observed action in recording,064,Birth-control settings,Medium,Auto-extracted unique UI state; interpretation is conservative and evidence-led. Continued from video-derived Clue frames after removing old 001-004. Continued from video-derived Clue frames after removing old 001-004.,Not observed as paid on this screen
064,Birth-Control Settings State,01:46,063,Next observed action in recording,065,Birth-control settings,Medium,Auto-extracted unique UI state; interpretation is conservative and evidence-led. Continued from video-derived Clue frames after removing old 001-004. Continued from video-derived Clue frames after removing old 001-004.,Not observed as paid on this screen
065,Birth-Control Settings State,01:47,064,Next observed action in recording,066,Birth-control settings,Medium,Auto-extracted unique UI state; interpretation is conservative and evidence-led. Continued from video-derived Clue frames after removing old 001-004. Continued from video-derived Clue frames after removing old 001-004.,Not observed as paid on this screen
066,Birth-Control Settings State,01:50,065,Next observed action in recording,067,Birth-control settings,Medium,Auto-extracted unique UI state; interpretation is conservative and evidence-led. Continued from video-derived Clue frames after removing old 001-004. Continued from video-derived Clue frames after removing old 001-004.,Not observed as paid on this screen
067,Birth-Control Settings State,01:52,066,Next observed action in recording,068,Birth-control settings,Medium,Auto-extracted unique UI state; interpretation is conservative and evidence-led. Continued from video-derived Clue frames after removing old 001-004. Continued from video-derived Clue frames after removing old 001-004.,Not observed as paid on this screen
068,Birth-Control Settings State,01:54,067,Next observed action in recording,069,Birth-control settings,Medium,Auto-extracted unique UI state; interpretation is conservative and evidence-led. Continued from video-derived Clue frames after removing old 001-004. Continued from video-derived Clue frames after removing old 001-004.,Not observed as paid on this screen
069,Cycle-Phase Education State,01:55,068,Next observed action in recording,070,Cycle-phase education,Medium,Auto-extracted unique UI state; interpretation is conservative and evidence-led. Continued from video-derived Clue frames after removing old 001-004. Continued from video-derived Clue frames after removing old 001-004.,Not observed as paid on this screen
070,Content Library,01:56,069,Next observed action in recording,071,Cycle-phase education,Medium,Auto-extracted unique UI state; interpretation is conservative and evidence-led. Continued from video-derived Clue frames after removing old 001-004. Continued from video-derived Clue frames after removing old 001-004.,Not observed as paid on this screen
071,Cycle-Phase Education State,01:57,070,Next observed action in recording,072,Cycle-phase education,Medium,Auto-extracted unique UI state; interpretation is conservative and evidence-led. Continued from video-derived Clue frames after removing old 001-004. Continued from video-derived Clue frames after removing old 001-004.,Not observed as paid on this screen
072,Cycle-Phase Education State,02:01,071,Next observed action in recording,073,Cycle-phase education,Medium,Auto-extracted unique UI state; interpretation is conservative and evidence-led. Continued from video-derived Clue frames after removing old 001-004. Continued from video-derived Clue frames after removing old 001-004.,Not observed as paid on this screen
073,Cycle-Phase Education State,02:02,072,Next observed action in recording,074,Cycle-phase education,Medium,Auto-extracted unique UI state; interpretation is conservative and evidence-led. Continued from video-derived Clue frames after removing old 001-004. Continued from video-derived Clue frames after removing old 001-004.,Not observed as paid on this screen
074,Cycle-Phase Education State,02:03,073,Next observed action in recording,075,Cycle-phase education,Medium,Auto-extracted unique UI state; interpretation is conservative and evidence-led. Continued from video-derived Clue frames after removing old 001-004. Continued from video-derived Clue frames after removing old 001-004.,Not observed as paid on this screen
075,Cycle-Phase Education State,02:05,074,Next observed action in recording,076,Cycle-phase education,Medium,Auto-extracted unique UI state; interpretation is conservative and evidence-led. Continued from video-derived Clue frames after removing old 001-004. Continued from video-derived Clue frames after removing old 001-004.,Not observed as paid on this screen
076,Cycle-Phase Education State,02:06,075,Next observed action in recording,077,Cycle-phase education,Medium,Auto-extracted unique UI state; interpretation is conservative and evidence-led. Continued from video-derived Clue frames after removing old 001-004. Continued from video-derived Clue frames after removing old 001-004.,Not observed as paid on this screen
077,Cycle-Phase Education State,02:07,076,Next observed action in recording,078,Cycle-phase education,Medium,Auto-extracted unique UI state; interpretation is conservative and evidence-led. Continued from video-derived Clue frames after removing old 001-004. Continued from video-derived Clue frames after removing old 001-004.,Not observed as paid on this screen
078,Sensitive Content,02:08,077,Next observed action in recording,079,Cycle-phase education,Medium,Auto-extracted unique UI state; interpretation is conservative and evidence-led. Continued from video-derived Clue frames after removing old 001-004. Continued from video-derived Clue frames after removing old 001-004.,Not observed as paid on this screen
079,Cycle-Phase Education State,02:10,078,Next observed action in recording,080,Cycle-phase education,Medium,Auto-extracted unique UI state; interpretation is conservative and evidence-led. Continued from video-derived Clue frames after removing old 001-004. Continued from video-derived Clue frames after removing old 001-004.,Not observed as paid on this screen
080,Cycle-Phase Education State,02:11,079,Next observed action in recording,081,Cycle-phase education,Medium,Auto-extracted unique UI state; interpretation is conservative and evidence-led. Continued from video-derived Clue frames after removing old 001-004. Continued from video-derived Clue frames after removing old 001-004.,Not observed as paid on this screen
081,Cycle-Phase Education State,02:12,080,Next observed action in recording,082,Cycle-phase education,Medium,Auto-extracted unique UI state; interpretation is conservative and evidence-led. Continued from video-derived Clue frames after removing old 001-004. Continued from video-derived Clue frames after removing old 001-004.,Not observed as paid on this screen
082,Cycle-Phase Education State,02:13,081,Next observed action in recording,083,Cycle-phase education,Medium,Auto-extracted unique UI state; interpretation is conservative and evidence-led. Continued from video-derived Clue frames after removing old 001-004. Continued from video-derived Clue frames after removing old 001-004.,Not observed as paid on this screen
083,Articles Health Education State,02:14,082,Next observed action in recording,084,Articles and health education,Medium,Auto-extracted unique UI state; interpretation is conservative and evidence-led. Continued from video-derived Clue frames after removing old 001-004. Continued from video-derived Clue frames after removing old 001-004.,Not observed as paid on this screen
084,Articles Health Education State,02:15,083,Next observed action in recording,085,Articles and health education,Medium,Auto-extracted unique UI state; interpretation is conservative and evidence-led. Continued from video-derived Clue frames after removing old 001-004. Continued from video-derived Clue frames after removing old 001-004.,Not observed as paid on this screen
085,Articles Health Education State,02:16,084,Next observed action in recording,086,Articles and health education,Medium,Auto-extracted unique UI state; interpretation is conservative and evidence-led. Continued from video-derived Clue frames after removing old 001-004. Continued from video-derived Clue frames after removing old 001-004.,Not observed as paid on this screen
086,Premium Discovery,02:19,085,Next observed action in recording,087,Articles and health education,Medium,Auto-extracted unique UI state; interpretation is conservative and evidence-led. Continued from video-derived Clue frames after removing old 001-004. Continued from video-derived Clue frames after removing old 001-004.,Premium visible
087,Articles Health Education State,02:20,086,Next observed action in recording,088,Articles and health education,Medium,Auto-extracted unique UI state; interpretation is conservative and evidence-led. Continued from video-derived Clue frames after removing old 001-004. Continued from video-derived Clue frames after removing old 001-004.,Not observed as paid on this screen
088,Articles Health Education State,02:21,087,Next observed action in recording,089,Articles and health education,Medium,Auto-extracted unique UI state; interpretation is conservative and evidence-led. Continued from video-derived Clue frames after removing old 001-004. Continued from video-derived Clue frames after removing old 001-004.,Not observed as paid on this screen
089,Articles Health Education State,02:22,088,Next observed action in recording,090,Articles and health education,Medium,Auto-extracted unique UI state; interpretation is conservative and evidence-led. Continued from video-derived Clue frames after removing old 001-004. Continued from video-derived Clue frames after removing old 001-004.,Not observed as paid on this screen
090,Articles Health Education State,02:23,089,Next observed action in recording,091,Articles and health education,Medium,Auto-extracted unique UI state; interpretation is conservative and evidence-led. Continued from video-derived Clue frames after removing old 001-004. Continued from video-derived Clue frames after removing old 001-004.,Not observed as paid on this screen
091,Articles Health Education State,02:24,090,Next observed action in recording,092,Articles and health education,Medium,Auto-extracted unique UI state; interpretation is conservative and evidence-led. Continued from video-derived Clue frames after removing old 001-004. Continued from video-derived Clue frames after removing old 001-004.,Not observed as paid on this screen
092,Articles Health Education State,02:25,091,Next observed action in recording,093,Articles and health education,Medium,Auto-extracted unique UI state; interpretation is conservative and evidence-led. Continued from video-derived Clue frames after removing old 001-004. Continued from video-derived Clue frames after removing old 001-004.,Not observed as paid on this screen
093,Articles Health Education State,02:26,092,Next observed action in recording,094,Articles and health education,Medium,Auto-extracted unique UI state; interpretation is conservative and evidence-led. Continued from video-derived Clue frames after removing old 001-004. Continued from video-derived Clue frames after removing old 001-004.,Not observed as paid on this screen
094,Articles Health Education State,02:27,093,Next observed action in recording,095,Articles and health education,Medium,Auto-extracted unique UI state; interpretation is conservative and evidence-led. Continued from video-derived Clue frames after removing old 001-004. Continued from video-derived Clue frames after removing old 001-004.,Not observed as paid on this screen
095,Articles Health Education State,02:29,094,Next observed action in recording,096,Articles and health education,Medium,Auto-extracted unique UI state; interpretation is conservative and evidence-led. Continued from video-derived Clue frames after removing old 001-004. Continued from video-derived Clue frames after removing old 001-004.,Not observed as paid on this screen
096,Settings Account,02:30,095,Next observed action in recording,097,Articles and health education,Medium,Auto-extracted unique UI state; interpretation is conservative and evidence-led. Continued from video-derived Clue frames after removing old 001-004. Continued from video-derived Clue frames after removing old 001-004.,Not observed as paid on this screen
097,Articles Health Education State,02:31,096,Next observed action in recording,098,Articles and health education,Medium,Auto-extracted unique UI state; interpretation is conservative and evidence-led. Continued from video-derived Clue frames after removing old 001-004. Continued from video-derived Clue frames after removing old 001-004.,Not observed as paid on this screen
098,Articles Health Education State,02:32,097,Next observed action in recording,099,Articles and health education,Medium,Auto-extracted unique UI state; interpretation is conservative and evidence-led. Continued from video-derived Clue frames after removing old 001-004. Continued from video-derived Clue frames after removing old 001-004.,Not observed as paid on this screen
099,Articles Health Education State,02:33,098,Next observed action in recording,100,Articles and health education,Medium,Auto-extracted unique UI state; interpretation is conservative and evidence-led. Continued from video-derived Clue frames after removing old 001-004. Continued from video-derived Clue frames after removing old 001-004.,Not observed as paid on this screen
100,Articles Health Education State,02:34,099,Next observed action in recording,101,Articles and health education,Medium,Auto-extracted unique UI state; interpretation is conservative and evidence-led. Continued from video-derived Clue frames after removing old 001-004. Continued from video-derived Clue frames after removing old 001-004.,Not observed as paid on this screen
101,Articles Health Education State,02:35,100,Next observed action in recording,102,Articles and health education,Medium,Auto-extracted unique UI state; interpretation is conservative and evidence-led. Continued from video-derived Clue frames after removing old 001-004. Continued from video-derived Clue frames after removing old 001-004.,Not observed as paid on this screen
102,Articles Health Education State,02:36,101,Next observed action in recording,103,Articles and health education,Medium,Auto-extracted unique UI state; interpretation is conservative and evidence-led. Continued from video-derived Clue frames after removing old 001-004. Continued from video-derived Clue frames after removing old 001-004.,Not observed as paid on this screen
103,Articles Health Education State,02:37,102,Next observed action in recording,104,Articles and health education,Medium,Auto-extracted unique UI state; interpretation is conservative and evidence-led. Continued from video-derived Clue frames after removing old 001-004. Continued from video-derived Clue frames after removing old 001-004.,Not observed as paid on this screen
104,Articles Health Education State,02:38,103,Next observed action in recording,105,Articles and health education,Medium,Auto-extracted unique UI state; interpretation is conservative and evidence-led. Continued from video-derived Clue frames after removing old 001-004. Continued from video-derived Clue frames after removing old 001-004.,Not observed as paid on this screen
105,Analysis Statistics State,02:39,104,Next observed action in recording,106,Analysis and statistics,Medium,Auto-extracted unique UI state; interpretation is conservative and evidence-led. Continued from video-derived Clue frames after removing old 001-004. Continued from video-derived Clue frames after removing old 001-004.,Not observed as paid on this screen
106,Analysis Statistics State,02:40,105,Next observed action in recording,107,Analysis and statistics,Medium,Auto-extracted unique UI state; interpretation is conservative and evidence-led. Continued from video-derived Clue frames after removing old 001-004. Continued from video-derived Clue frames after removing old 001-004.,Not observed as paid on this screen
107,Analysis Statistics State,02:41,106,Next observed action in recording,108,Analysis and statistics,Medium,Auto-extracted unique UI state; interpretation is conservative and evidence-led. Continued from video-derived Clue frames after removing old 001-004. Continued from video-derived Clue frames after removing old 001-004.,Not observed as paid on this screen
108,Analysis Statistics State,02:42,107,Next observed action in recording,109,Analysis and statistics,Medium,Auto-extracted unique UI state; interpretation is conservative and evidence-led. Continued from video-derived Clue frames after removing old 001-004. Continued from video-derived Clue frames after removing old 001-004.,Not observed as paid on this screen
109,Analysis Statistics State,02:43,108,Next observed action in recording,110,Analysis and statistics,Medium,Auto-extracted unique UI state; interpretation is conservative and evidence-led. Continued from video-derived Clue frames after removing old 001-004. Continued from video-derived Clue frames after removing old 001-004.,Not observed as paid on this screen
110,Analysis Statistics State,02:44,109,Next observed action in recording,111,Analysis and statistics,Medium,Auto-extracted unique UI state; interpretation is conservative and evidence-led. Continued from video-derived Clue frames after removing old 001-004. Continued from video-derived Clue frames after removing old 001-004.,Not observed as paid on this screen
111,Analysis Statistics State,02:45,110,Next observed action in recording,112,Analysis and statistics,Medium,Auto-extracted unique UI state; interpretation is conservative and evidence-led. Continued from video-derived Clue frames after removing old 001-004. Continued from video-derived Clue frames after removing old 001-004.,Not observed as paid on this screen
112,Analysis Statistics State,02:46,111,Next observed action in recording,113,Analysis and statistics,Medium,Auto-extracted unique UI state; interpretation is conservative and evidence-led. Continued from video-derived Clue frames after removing old 001-004. Continued from video-derived Clue frames after removing old 001-004.,Not observed as paid on this screen
113,Analysis Statistics State,02:47,112,Next observed action in recording,114,Analysis and statistics,Medium,Auto-extracted unique UI state; interpretation is conservative and evidence-led. Continued from video-derived Clue frames after removing old 001-004. Continued from video-derived Clue frames after removing old 001-004.,Not observed as paid on this screen
114,Analysis Statistics State,02:48,113,Next observed action in recording,115,Analysis and statistics,Medium,Auto-extracted unique UI state; interpretation is conservative and evidence-led. Continued from video-derived Clue frames after removing old 001-004. Continued from video-derived Clue frames after removing old 001-004.,Not observed as paid on this screen
115,Analysis Statistics State,02:49,114,Next observed action in recording,116,Analysis and statistics,Medium,Auto-extracted unique UI state; interpretation is conservative and evidence-led. Continued from video-derived Clue frames after removing old 001-004. Continued from video-derived Clue frames after removing old 001-004.,Not observed as paid on this screen
116,Analysis Statistics State,02:51,115,Next observed action in recording,117,Analysis and statistics,Medium,Auto-extracted unique UI state; interpretation is conservative and evidence-led. Continued from video-derived Clue frames after removing old 001-004. Continued from video-derived Clue frames after removing old 001-004.,Not observed as paid on this screen
117,Analysis Statistics State,02:52,116,Next observed action in recording,118,Analysis and statistics,Medium,Auto-extracted unique UI state; interpretation is conservative and evidence-led. Continued from video-derived Clue frames after removing old 001-004. Continued from video-derived Clue frames after removing old 001-004.,Not observed as paid on this screen
118,Analysis Statistics State,02:56,117,Next observed action in recording,119,Analysis and statistics,Medium,Auto-extracted unique UI state; interpretation is conservative and evidence-led. Continued from video-derived Clue frames after removing old 001-004. Continued from video-derived Clue frames after removing old 001-004.,Not observed as paid on this screen
119,Analysis Statistics State,02:57,118,Next observed action in recording,120,Analysis and statistics,Medium,Auto-extracted unique UI state; interpretation is conservative and evidence-led. Continued from video-derived Clue frames after removing old 001-004. Continued from video-derived Clue frames after removing old 001-004.,Not observed as paid on this screen
120,Analysis Statistics State,02:58,119,Next observed action in recording,121,Analysis and statistics,Medium,Auto-extracted unique UI state; interpretation is conservative and evidence-led. Continued from video-derived Clue frames after removing old 001-004. Continued from video-derived Clue frames after removing old 001-004.,Not observed as paid on this screen
121,Analysis Statistics State,02:59,120,Next observed action in recording,122,Analysis and statistics,Medium,Auto-extracted unique UI state; interpretation is conservative and evidence-led. Continued from video-derived Clue frames after removing old 001-004. Continued from video-derived Clue frames after removing old 001-004.,Not observed as paid on this screen
122,Analysis Statistics State,03:00,121,Next observed action in recording,123,Analysis and statistics,Medium,Auto-extracted unique UI state; interpretation is conservative and evidence-led. Continued from video-derived Clue frames after removing old 001-004. Continued from video-derived Clue frames after removing old 001-004.,Not observed as paid on this screen
123,Analysis Statistics State,03:01,122,Next observed action in recording,124,Analysis and statistics,Medium,Auto-extracted unique UI state; interpretation is conservative and evidence-led. Continued from video-derived Clue frames after removing old 001-004. Continued from video-derived Clue frames after removing old 001-004.,Not observed as paid on this screen
124,Analysis Statistics State,03:02,123,Next observed action in recording,125,Analysis and statistics,Medium,Auto-extracted unique UI state; interpretation is conservative and evidence-led. Continued from video-derived Clue frames after removing old 001-004. Continued from video-derived Clue frames after removing old 001-004.,Not observed as paid on this screen
125,Wearable Integrations State,03:03,124,Next observed action in recording,126,Wearable integrations,Medium,Auto-extracted unique UI state; interpretation is conservative and evidence-led. Continued from video-derived Clue frames after removing old 001-004. Continued from video-derived Clue frames after removing old 001-004.,Not observed as paid on this screen
126,Wearable Integrations State,03:04,125,Next observed action in recording,127,Wearable integrations,Medium,Auto-extracted unique UI state; interpretation is conservative and evidence-led. Continued from video-derived Clue frames after removing old 001-004. Continued from video-derived Clue frames after removing old 001-004.,Not observed as paid on this screen
127,Wearable Integrations State,03:05,126,Next observed action in recording,128,Wearable integrations,Medium,Auto-extracted unique UI state; interpretation is conservative and evidence-led. Continued from video-derived Clue frames after removing old 001-004. Continued from video-derived Clue frames after removing old 001-004.,Not observed as paid on this screen
128,Wearable Integrations State,03:06,127,Next observed action in recording,129,Wearable integrations,Medium,Auto-extracted unique UI state; interpretation is conservative and evidence-led. Continued from video-derived Clue frames after removing old 001-004. Continued from video-derived Clue frames after removing old 001-004.,Not observed as paid on this screen
129,Wearable Integrations State,03:07,128,Next observed action in recording,130,Wearable integrations,Medium,Auto-extracted unique UI state; interpretation is conservative and evidence-led. Continued from video-derived Clue frames after removing old 001-004. Continued from video-derived Clue frames after removing old 001-004.,Not observed as paid on this screen
130,Wearable Integrations State,03:08,129,Next observed action in recording,131,Wearable integrations,Medium,Auto-extracted unique UI state; interpretation is conservative and evidence-led. Continued from video-derived Clue frames after removing old 001-004. Continued from video-derived Clue frames after removing old 001-004.,Not observed as paid on this screen
131,Wearable Integrations State,03:09,130,Next observed action in recording,132,Wearable integrations,Medium,Auto-extracted unique UI state; interpretation is conservative and evidence-led. Continued from video-derived Clue frames after removing old 001-004. Continued from video-derived Clue frames after removing old 001-004.,Not observed as paid on this screen
132,Wearable Integrations State,03:10,131,Next observed action in recording,133,Wearable integrations,Medium,Auto-extracted unique UI state; interpretation is conservative and evidence-led. Continued from video-derived Clue frames after removing old 001-004. Continued from video-derived Clue frames after removing old 001-004.,Not observed as paid on this screen
133,Wearable Integrations State,03:11,132,Next observed action in recording,134,Wearable integrations,Medium,Auto-extracted unique UI state; interpretation is conservative and evidence-led. Continued from video-derived Clue frames after removing old 001-004. Continued from video-derived Clue frames after removing old 001-004.,Not observed as paid on this screen
134,Wearable Integrations State,03:13,133,Next observed action in recording,135,Wearable integrations,Medium,Auto-extracted unique UI state; interpretation is conservative and evidence-led. Continued from video-derived Clue frames after removing old 001-004. Continued from video-derived Clue frames after removing old 001-004.,Not observed as paid on this screen
135,Wearable Integrations State,03:14,134,Next observed action in recording,136,Wearable integrations,Medium,Auto-extracted unique UI state; interpretation is conservative and evidence-led. Continued from video-derived Clue frames after removing old 001-004. Continued from video-derived Clue frames after removing old 001-004.,Not observed as paid on this screen
136,Wearable Integrations State,03:15,135,Next observed action in recording,137,Wearable integrations,Medium,Auto-extracted unique UI state; interpretation is conservative and evidence-led. Continued from video-derived Clue frames after removing old 001-004. Continued from video-derived Clue frames after removing old 001-004.,Not observed as paid on this screen
137,Wearable Integrations State,03:16,136,Next observed action in recording,138,Wearable integrations,Medium,Auto-extracted unique UI state; interpretation is conservative and evidence-led. Continued from video-derived Clue frames after removing old 001-004. Continued from video-derived Clue frames after removing old 001-004.,Not observed as paid on this screen
138,Wearable Integrations State,03:17,137,Next observed action in recording,139,Wearable integrations,Medium,Auto-extracted unique UI state; interpretation is conservative and evidence-led. Continued from video-derived Clue frames after removing old 001-004. Continued from video-derived Clue frames after removing old 001-004.,Not observed as paid on this screen
139,Content Library State,03:18,138,Next observed action in recording,140,Content library,Medium,Auto-extracted unique UI state; interpretation is conservative and evidence-led. Continued from video-derived Clue frames after removing old 001-004. Continued from video-derived Clue frames after removing old 001-004.,Not observed as paid on this screen
140,Content Library State,03:19,139,Next observed action in recording,141,Content library,Medium,Auto-extracted unique UI state; interpretation is conservative and evidence-led. Continued from video-derived Clue frames after removing old 001-004. Continued from video-derived Clue frames after removing old 001-004.,Not observed as paid on this screen
141,Content Library State,03:20,140,Next observed action in recording,142,Content library,Medium,Auto-extracted unique UI state; interpretation is conservative and evidence-led. Continued from video-derived Clue frames after removing old 001-004. Continued from video-derived Clue frames after removing old 001-004.,Not observed as paid on this screen
142,Content Library State,03:21,141,Next observed action in recording,143,Content library,Medium,Auto-extracted unique UI state; interpretation is conservative and evidence-led. Continued from video-derived Clue frames after removing old 001-004. Continued from video-derived Clue frames after removing old 001-004.,Not observed as paid on this screen
143,Content Library State,03:22,142,Next observed action in recording,144,Content library,Medium,Auto-extracted unique UI state; interpretation is conservative and evidence-led. Continued from video-derived Clue frames after removing old 001-004. Continued from video-derived Clue frames after removing old 001-004.,Not observed as paid on this screen
144,Content Library State,03:23,143,Next observed action in recording,145,Content library,Medium,Auto-extracted unique UI state; interpretation is conservative and evidence-led. Continued from video-derived Clue frames after removing old 001-004. Continued from video-derived Clue frames after removing old 001-004.,Not observed as paid on this screen
145,Content Library State,03:24,144,Next observed action in recording,146,Content library,Medium,Auto-extracted unique UI state; interpretation is conservative and evidence-led. Continued from video-derived Clue frames after removing old 001-004. Continued from video-derived Clue frames after removing old 001-004.,Not observed as paid on this screen
146,Content Library State,03:25,145,Next observed action in recording,147,Content library,Medium,Auto-extracted unique UI state; interpretation is conservative and evidence-led. Continued from video-derived Clue frames after removing old 001-004. Continued from video-derived Clue frames after removing old 001-004.,Not observed as paid on this screen
147,Content Library State,03:26,146,Next observed action in recording,148,Content library,Medium,Auto-extracted unique UI state; interpretation is conservative and evidence-led. Continued from video-derived Clue frames after removing old 001-004. Continued from video-derived Clue frames after removing old 001-004.,Not observed as paid on this screen
148,Content Library State,03:27,147,Next observed action in recording,149,Content library,Medium,Auto-extracted unique UI state; interpretation is conservative and evidence-led. Continued from video-derived Clue frames after removing old 001-004. Continued from video-derived Clue frames after removing old 001-004.,Not observed as paid on this screen
149,Content Library State,03:28,148,Next observed action in recording,150,Content library,Medium,Auto-extracted unique UI state; interpretation is conservative and evidence-led. Continued from video-derived Clue frames after removing old 001-004. Continued from video-derived Clue frames after removing old 001-004.,Not observed as paid on this screen
150,Content Library State,03:29,149,Next observed action in recording,151,Content library,Medium,Auto-extracted unique UI state; interpretation is conservative and evidence-led. Continued from video-derived Clue frames after removing old 001-004. Continued from video-derived Clue frames after removing old 001-004.,Not observed as paid on this screen
151,Content Library State,03:30,150,Next observed action in recording,152,Content library,Medium,Auto-extracted unique UI state; interpretation is conservative and evidence-led. Continued from video-derived Clue frames after removing old 001-004. Continued from video-derived Clue frames after removing old 001-004.,Not observed as paid on this screen
152,Content Library State,03:31,151,Next observed action in recording,153,Content library,Medium,Auto-extracted unique UI state; interpretation is conservative and evidence-led. Continued from video-derived Clue frames after removing old 001-004. Continued from video-derived Clue frames after removing old 001-004.,Not observed as paid on this screen
153,Content Library State,03:32,152,Next observed action in recording,154,Content library,Medium,Auto-extracted unique UI state; interpretation is conservative and evidence-led. Continued from video-derived Clue frames after removing old 001-004. Continued from video-derived Clue frames after removing old 001-004.,Not observed as paid on this screen
154,Content Library State,03:33,153,Next observed action in recording,155,Content library,Medium,Auto-extracted unique UI state; interpretation is conservative and evidence-led. Continued from video-derived Clue frames after removing old 001-004. Continued from video-derived Clue frames after removing old 001-004.,Not observed as paid on this screen
155,Content Library State,03:34,154,Next observed action in recording,156,Content library,Medium,Auto-extracted unique UI state; interpretation is conservative and evidence-led. Continued from video-derived Clue frames after removing old 001-004. Continued from video-derived Clue frames after removing old 001-004.,Not observed as paid on this screen
156,Content Library State,03:35,155,Next observed action in recording,157,Content library,Medium,Auto-extracted unique UI state; interpretation is conservative and evidence-led. Continued from video-derived Clue frames after removing old 001-004. Continued from video-derived Clue frames after removing old 001-004.,Not observed as paid on this screen
157,Content Library State,03:37,156,Next observed action in recording,158,Content library,Medium,Auto-extracted unique UI state; interpretation is conservative and evidence-led. Continued from video-derived Clue frames after removing old 001-004. Continued from video-derived Clue frames after removing old 001-004.,Not observed as paid on this screen
158,Content Library State,03:39,157,Next observed action in recording,159,Content library,Medium,Auto-extracted unique UI state; interpretation is conservative and evidence-led. Continued from video-derived Clue frames after removing old 001-004. Continued from video-derived Clue frames after removing old 001-004.,Not observed as paid on this screen
159,Sensitive Intimacy Content State,03:40,158,Next observed action in recording,160,Sensitive and intimacy content,Medium,Auto-extracted unique UI state; interpretation is conservative and evidence-led. Continued from video-derived Clue frames after removing old 001-004. Continued from video-derived Clue frames after removing old 001-004.,Not observed as paid on this screen
160,Sensitive Intimacy Content State,03:41,159,Next observed action in recording,161,Sensitive and intimacy content,Medium,Auto-extracted unique UI state; interpretation is conservative and evidence-led. Continued from video-derived Clue frames after removing old 001-004. Continued from video-derived Clue frames after removing old 001-004.,Not observed as paid on this screen
161,Sensitive Intimacy Content State,03:42,160,Next observed action in recording,162,Sensitive and intimacy content,Medium,Auto-extracted unique UI state; interpretation is conservative and evidence-led. Continued from video-derived Clue frames after removing old 001-004. Continued from video-derived Clue frames after removing old 001-004.,Not observed as paid on this screen
162,Sensitive Intimacy Content State,03:43,161,Next observed action in recording,163,Sensitive and intimacy content,Medium,Auto-extracted unique UI state; interpretation is conservative and evidence-led. Continued from video-derived Clue frames after removing old 001-004. Continued from video-derived Clue frames after removing old 001-004.,Not observed as paid on this screen
163,Sensitive Intimacy Content State,03:44,162,Next observed action in recording,164,Sensitive and intimacy content,Medium,Auto-extracted unique UI state; interpretation is conservative and evidence-led. Continued from video-derived Clue frames after removing old 001-004. Continued from video-derived Clue frames after removing old 001-004.,Not observed as paid on this screen
164,Sensitive Intimacy Content State,03:45,163,Next observed action in recording,165,Sensitive and intimacy content,Medium,Auto-extracted unique UI state; interpretation is conservative and evidence-led. Continued from video-derived Clue frames after removing old 001-004. Continued from video-derived Clue frames after removing old 001-004.,Not observed as paid on this screen
165,Sensitive Intimacy Content State,03:46,164,Next observed action in recording,166,Sensitive and intimacy content,Medium,Auto-extracted unique UI state; interpretation is conservative and evidence-led. Continued from video-derived Clue frames after removing old 001-004. Continued from video-derived Clue frames after removing old 001-004.,Not observed as paid on this screen
166,Sensitive Intimacy Content State,03:47,165,Next observed action in recording,167,Sensitive and intimacy content,Medium,Auto-extracted unique UI state; interpretation is conservative and evidence-led. Continued from video-derived Clue frames after removing old 001-004. Continued from video-derived Clue frames after removing old 001-004.,Not observed as paid on this screen
167,Sensitive Intimacy Content State,03:48,166,Next observed action in recording,168,Sensitive and intimacy content,Medium,Auto-extracted unique UI state; interpretation is conservative and evidence-led. Continued from video-derived Clue frames after removing old 001-004. Continued from video-derived Clue frames after removing old 001-004.,Not observed as paid on this screen
168,Sensitive Intimacy Content State,03:49,167,Next observed action in recording,169,Sensitive and intimacy content,Medium,Auto-extracted unique UI state; interpretation is conservative and evidence-led. Continued from video-derived Clue frames after removing old 001-004. Continued from video-derived Clue frames after removing old 001-004.,Not observed as paid on this screen
169,Sensitive Intimacy Content State,03:50,168,Next observed action in recording,170,Sensitive and intimacy content,Medium,Auto-extracted unique UI state; interpretation is conservative and evidence-led. Continued from video-derived Clue frames after removing old 001-004. Continued from video-derived Clue frames after removing old 001-004.,Not observed as paid on this screen
170,Sensitive Intimacy Content State,03:51,169,Next observed action in recording,171,Sensitive and intimacy content,Medium,Auto-extracted unique UI state; interpretation is conservative and evidence-led. Continued from video-derived Clue frames after removing old 001-004. Continued from video-derived Clue frames after removing old 001-004.,Not observed as paid on this screen
171,Sensitive Intimacy Content State,03:52,170,Next observed action in recording,172,Sensitive and intimacy content,Medium,Auto-extracted unique UI state; interpretation is conservative and evidence-led. Continued from video-derived Clue frames after removing old 001-004. Continued from video-derived Clue frames after removing old 001-004.,Not observed as paid on this screen
172,Sensitive Intimacy Content State,03:53,171,Next observed action in recording,173,Sensitive and intimacy content,Medium,Auto-extracted unique UI state; interpretation is conservative and evidence-led. Continued from video-derived Clue frames after removing old 001-004. Continued from video-derived Clue frames after removing old 001-004.,Not observed as paid on this screen
173,Sensitive Intimacy Content State,03:54,172,Next observed action in recording,174,Sensitive and intimacy content,Medium,Auto-extracted unique UI state; interpretation is conservative and evidence-led. Continued from video-derived Clue frames after removing old 001-004. Continued from video-derived Clue frames after removing old 001-004.,Not observed as paid on this screen
174,Sensitive Intimacy Content State,03:55,173,Next observed action in recording,175,Sensitive and intimacy content,Medium,Auto-extracted unique UI state; interpretation is conservative and evidence-led. Continued from video-derived Clue frames after removing old 001-004. Continued from video-derived Clue frames after removing old 001-004.,Not observed as paid on this screen
175,Premium Discovery Upsell State,03:56,174,Next observed action in recording,176,Premium discovery and upsell,Medium,Auto-extracted unique UI state; interpretation is conservative and evidence-led. Continued from video-derived Clue frames after removing old 001-004. Continued from video-derived Clue frames after removing old 001-004.,Premium visible
176,Premium Discovery Upsell State,03:57,175,Next observed action in recording,177,Premium discovery and upsell,Medium,Auto-extracted unique UI state; interpretation is conservative and evidence-led. Continued from video-derived Clue frames after removing old 001-004. Continued from video-derived Clue frames after removing old 001-004.,Premium visible
177,Premium Discovery Upsell State,03:58,176,Next observed action in recording,178,Premium discovery and upsell,Medium,Auto-extracted unique UI state; interpretation is conservative and evidence-led. Continued from video-derived Clue frames after removing old 001-004. Continued from video-derived Clue frames after removing old 001-004.,Premium visible
178,Premium Discovery Upsell State,04:00,177,Next observed action in recording,179,Premium discovery and upsell,Medium,Auto-extracted unique UI state; interpretation is conservative and evidence-led. Continued from video-derived Clue frames after removing old 001-004. Continued from video-derived Clue frames after removing old 001-004.,Premium visible
179,Premium Discovery Upsell State,04:01,178,Next observed action in recording,180,Premium discovery and upsell,Medium,Auto-extracted unique UI state; interpretation is conservative and evidence-led. Continued from video-derived Clue frames after removing old 001-004. Continued from video-derived Clue frames after removing old 001-004.,Premium visible
180,Premium Discovery Upsell State,04:02,179,Next observed action in recording,181,Premium discovery and upsell,Medium,Auto-extracted unique UI state; interpretation is conservative and evidence-led. Continued from video-derived Clue frames after removing old 001-004. Continued from video-derived Clue frames after removing old 001-004.,Premium visible
181,Premium Discovery Upsell State,04:03,180,Next observed action in recording,182,Premium discovery and upsell,Medium,Auto-extracted unique UI state; interpretation is conservative and evidence-led. Continued from video-derived Clue frames after removing old 001-004. Continued from video-derived Clue frames after removing old 001-004.,Premium visible
182,Premium Discovery Upsell State,04:04,181,Next observed action in recording,183,Premium discovery and upsell,Medium,Auto-extracted unique UI state; interpretation is conservative and evidence-led. Continued from video-derived Clue frames after removing old 001-004. Continued from video-derived Clue frames after removing old 001-004.,Premium visible
183,Premium Discovery Upsell State,04:05,182,Next observed action in recording,184,Premium discovery and upsell,Medium,Auto-extracted unique UI state; interpretation is conservative and evidence-led. Continued from video-derived Clue frames after removing old 001-004. Continued from video-derived Clue frames after removing old 001-004.,Premium visible
184,Premium Discovery Upsell State,04:06,183,Next observed action in recording,185,Premium discovery and upsell,Medium,Auto-extracted unique UI state; interpretation is conservative and evidence-led. Continued from video-derived Clue frames after removing old 001-004. Continued from video-derived Clue frames after removing old 001-004.,Premium visible
185,Premium Discovery Upsell State,04:07,184,Next observed action in recording,186,Premium discovery and upsell,Medium,Auto-extracted unique UI state; interpretation is conservative and evidence-led. Continued from video-derived Clue frames after removing old 001-004. Continued from video-derived Clue frames after removing old 001-004.,Premium visible
186,Premium Discovery Upsell State,04:08,185,Next observed action in recording,187,Premium discovery and upsell,Medium,Auto-extracted unique UI state; interpretation is conservative and evidence-led. Continued from video-derived Clue frames after removing old 001-004. Continued from video-derived Clue frames after removing old 001-004.,Premium visible
187,Premium Discovery Upsell State,04:09,186,Next observed action in recording,188,Premium discovery and upsell,Medium,Auto-extracted unique UI state; interpretation is conservative and evidence-led. Continued from video-derived Clue frames after removing old 001-004. Continued from video-derived Clue frames after removing old 001-004.,Premium visible
188,Premium Discovery Upsell State,04:11,187,Next observed action in recording,189,Premium discovery and upsell,Medium,Auto-extracted unique UI state; interpretation is conservative and evidence-led. Continued from video-derived Clue frames after removing old 001-004. Continued from video-derived Clue frames after removing old 001-004.,Premium visible
189,Premium Discovery Upsell State,04:12,188,Next observed action in recording,190,Premium discovery and upsell,Medium,Auto-extracted unique UI state; interpretation is conservative and evidence-led. Continued from video-derived Clue frames after removing old 001-004. Continued from video-derived Clue frames after removing old 001-004.,Premium visible
190,Premium Discovery Upsell State,04:13,189,Next observed action in recording,191,Premium discovery and upsell,Medium,Auto-extracted unique UI state; interpretation is conservative and evidence-led. Continued from video-derived Clue frames after removing old 001-004. Continued from video-derived Clue frames after removing old 001-004.,Premium visible
191,Premium Discovery Upsell State,04:14,190,Next observed action in recording,192,Premium discovery and upsell,Medium,Auto-extracted unique UI state; interpretation is conservative and evidence-led. Continued from video-derived Clue frames after removing old 001-004. Continued from video-derived Clue frames after removing old 001-004.,Premium visible
192,Premium Discovery Upsell State,04:15,191,Next observed action in recording,193,Premium discovery and upsell,Medium,Auto-extracted unique UI state; interpretation is conservative and evidence-led. Continued from video-derived Clue frames after removing old 001-004. Continued from video-derived Clue frames after removing old 001-004.,Premium visible
193,Settings Account Areas State,04:16,192,Next observed action in recording,194,Settings and account areas,Medium,Auto-extracted unique UI state; interpretation is conservative and evidence-led. Continued from video-derived Clue frames after removing old 001-004. Continued from video-derived Clue frames after removing old 001-004.,Not observed as paid on this screen
194,Settings Account Areas State,04:17,193,Next observed action in recording,195,Settings and account areas,Medium,Auto-extracted unique UI state; interpretation is conservative and evidence-led. Continued from video-derived Clue frames after removing old 001-004. Continued from video-derived Clue frames after removing old 001-004.,Not observed as paid on this screen
195,Settings Account Areas State,04:18,194,Next observed action in recording,196,Settings and account areas,Medium,Auto-extracted unique UI state; interpretation is conservative and evidence-led. Continued from video-derived Clue frames after removing old 001-004. Continued from video-derived Clue frames after removing old 001-004.,Not observed as paid on this screen
196,Settings Account Areas State,04:19,195,Next observed action in recording,197,Settings and account areas,Medium,Auto-extracted unique UI state; interpretation is conservative and evidence-led. Continued from video-derived Clue frames after removing old 001-004. Continued from video-derived Clue frames after removing old 001-004.,Not observed as paid on this screen
197,Settings Account Areas State,04:20,196,Next observed action in recording,198,Settings and account areas,Medium,Auto-extracted unique UI state; interpretation is conservative and evidence-led. Continued from video-derived Clue frames after removing old 001-004. Continued from video-derived Clue frames after removing old 001-004.,Not observed as paid on this screen
198,Settings Account Areas State,04:21,197,Next observed action in recording,199,Settings and account areas,Medium,Auto-extracted unique UI state; interpretation is conservative and evidence-led. Continued from video-derived Clue frames after removing old 001-004. Continued from video-derived Clue frames after removing old 001-004.,Not observed as paid on this screen
199,Settings Account Areas State,04:22,198,Next observed action in recording,200,Settings and account areas,Medium,Auto-extracted unique UI state; interpretation is conservative and evidence-led. Continued from video-derived Clue frames after removing old 001-004. Continued from video-derived Clue frames after removing old 001-004.,Not observed as paid on this screen
200,Settings Account Areas State,04:23,199,Next observed action in recording,201,Settings and account areas,Medium,Auto-extracted unique UI state; interpretation is conservative and evidence-led. Continued from video-derived Clue frames after removing old 001-004. Continued from video-derived Clue frames after removing old 001-004.,Not observed as paid on this screen
201,Settings Account Areas State,04:24,200,Next observed action in recording,202,Settings and account areas,Medium,Auto-extracted unique UI state; interpretation is conservative and evidence-led. Continued from video-derived Clue frames after removing old 001-004. Continued from video-derived Clue frames after removing old 001-004.,Not observed as paid on this screen
202,Settings Account Areas State,04:25,201,Next observed action in recording,203,Settings and account areas,Medium,Auto-extracted unique UI state; interpretation is conservative and evidence-led. Continued from video-derived Clue frames after removing old 001-004. Continued from video-derived Clue frames after removing old 001-004.,Not observed as paid on this screen
203,Settings Account Areas State,04:26,202,Next observed action in recording,204,Settings and account areas,Medium,Auto-extracted unique UI state; interpretation is conservative and evidence-led. Continued from video-derived Clue frames after removing old 001-004. Continued from video-derived Clue frames after removing old 001-004.,Not observed as paid on this screen
204,Settings Account Areas State,04:27,203,Next observed action in recording,205,Settings and account areas,Medium,Auto-extracted unique UI state; interpretation is conservative and evidence-led. Continued from video-derived Clue frames after removing old 001-004. Continued from video-derived Clue frames after removing old 001-004.,Not observed as paid on this screen
205,Settings Account Areas State,04:28,204,Next observed action in recording,206,Settings and account areas,Medium,Auto-extracted unique UI state; interpretation is conservative and evidence-led. Continued from video-derived Clue frames after removing old 001-004. Continued from video-derived Clue frames after removing old 001-004.,Not observed as paid on this screen
206,Settings Account Areas State,04:29,205,Next observed action in recording,207,Settings and account areas,Medium,Auto-extracted unique UI state; interpretation is conservative and evidence-led. Continued from video-derived Clue frames after removing old 001-004. Continued from video-derived Clue frames after removing old 001-004.,Not observed as paid on this screen
207,Settings Account Areas State,04:30,206,Next observed action in recording,208,Settings and account areas,Medium,Auto-extracted unique UI state; interpretation is conservative and evidence-led. Continued from video-derived Clue frames after removing old 001-004. Continued from video-derived Clue frames after removing old 001-004.,Not observed as paid on this screen
208,Settings Account Areas State,04:31,207,Next observed action in recording,209,Settings and account areas,Medium,Auto-extracted unique UI state; interpretation is conservative and evidence-led. Continued from video-derived Clue frames after removing old 001-004. Continued from video-derived Clue frames after removing old 001-004.,Not observed as paid on this screen
209,Settings Account Areas State,04:32,208,Next observed action in recording,210,Settings and account areas,Medium,Auto-extracted unique UI state; interpretation is conservative and evidence-led. Continued from video-derived Clue frames after removing old 001-004. Continued from video-derived Clue frames after removing old 001-004.,Not observed as paid on this screen
210,Settings Account Areas State,04:33,209,Next observed action in recording,211,Settings and account areas,Medium,Auto-extracted unique UI state; interpretation is conservative and evidence-led. Continued from video-derived Clue frames after removing old 001-004. Continued from video-derived Clue frames after removing old 001-004.,Not observed as paid on this screen
211,Settings Account Areas State,04:35,210,Next observed action in recording,212,Settings and account areas,Medium,Auto-extracted unique UI state; interpretation is conservative and evidence-led. Continued from video-derived Clue frames after removing old 001-004. Continued from video-derived Clue frames after removing old 001-004.,Not observed as paid on this screen
212,Settings Account Areas State,04:36,211,Next observed action in recording,213,Settings and account areas,Medium,Auto-extracted unique UI state; interpretation is conservative and evidence-led. Continued from video-derived Clue frames after removing old 001-004. Continued from video-derived Clue frames after removing old 001-004.,Not observed as paid on this screen
213,Settings Account Areas State,04:37,212,Next observed action in recording,214,Settings and account areas,Medium,Auto-extracted unique UI state; interpretation is conservative and evidence-led. Continued from video-derived Clue frames after removing old 001-004. Continued from video-derived Clue frames after removing old 001-004.,Not observed as paid on this screen
214,Settings Account Areas State,04:38,213,Next observed action in recording,215,Settings and account areas,Medium,Auto-extracted unique UI state; interpretation is conservative and evidence-led. Continued from video-derived Clue frames after removing old 001-004. Continued from video-derived Clue frames after removing old 001-004.,Not observed as paid on this screen
215,Settings Account Areas State,04:39,214,Next observed action in recording,216,Settings and account areas,Medium,Auto-extracted unique UI state; interpretation is conservative and evidence-led. Continued from video-derived Clue frames after removing old 001-004. Continued from video-derived Clue frames after removing old 001-004.,Not observed as paid on this screen
216,Settings Account Areas State,04:40,215,Next observed action in recording,217,Settings and account areas,Medium,Auto-extracted unique UI state; interpretation is conservative and evidence-led. Continued from video-derived Clue frames after removing old 001-004. Continued from video-derived Clue frames after removing old 001-004.,Not observed as paid on this screen
217,Settings Account Areas State,04:42,216,Next observed action in recording,218,Settings and account areas,Medium,Auto-extracted unique UI state; interpretation is conservative and evidence-led. Continued from video-derived Clue frames after removing old 001-004. Continued from video-derived Clue frames after removing old 001-004.,Not observed as paid on this screen
218,Settings Account Areas State,04:43,217,Next observed action in recording,219,Settings and account areas,Medium,Auto-extracted unique UI state; interpretation is conservative and evidence-led. Continued from video-derived Clue frames after removing old 001-004. Continued from video-derived Clue frames after removing old 001-004.,Not observed as paid on this screen
219,Settings Account Areas State,04:44,218,Next observed action in recording,220,Settings and account areas,Medium,Auto-extracted unique UI state; interpretation is conservative and evidence-led. Continued from video-derived Clue frames after removing old 001-004. Continued from video-derived Clue frames after removing old 001-004.,Not observed as paid on this screen
220,Settings Account Areas State,04:45,219,Next observed action in recording,221,Settings and account areas,Medium,Auto-extracted unique UI state; interpretation is conservative and evidence-led. Continued from video-derived Clue frames after removing old 001-004. Continued from video-derived Clue frames after removing old 001-004.,Not observed as paid on this screen
221,Settings Account Areas State,04:46,220,Next observed action in recording,222,Settings and account areas,Medium,Auto-extracted unique UI state; interpretation is conservative and evidence-led. Continued from video-derived Clue frames after removing old 001-004. Continued from video-derived Clue frames after removing old 001-004.,Not observed as paid on this screen
222,Settings Account Areas State,04:47,221,Next observed action in recording,223,Settings and account areas,Medium,Auto-extracted unique UI state; interpretation is conservative and evidence-led. Continued from video-derived Clue frames after removing old 001-004. Continued from video-derived Clue frames after removing old 001-004.,Not observed as paid on this screen
223,Settings Account Areas State,04:48,222,Next observed action in recording,224,Settings and account areas,Medium,Auto-extracted unique UI state; interpretation is conservative and evidence-led. Continued from video-derived Clue frames after removing old 001-004. Continued from video-derived Clue frames after removing old 001-004.,Not observed as paid on this screen
224,Settings Account Areas State,04:49,223,Next observed action in recording,225,Settings and account areas,Medium,Auto-extracted unique UI state; interpretation is conservative and evidence-led. Continued from video-derived Clue frames after removing old 001-004. Continued from video-derived Clue frames after removing old 001-004.,Not observed as paid on this screen
225,Settings Account Areas State,04:50,224,Next observed action in recording,226,Settings and account areas,Medium,Auto-extracted unique UI state; interpretation is conservative and evidence-led. Continued from video-derived Clue frames after removing old 001-004. Continued from video-derived Clue frames after removing old 001-004.,Not observed as paid on this screen
226,Settings Account Areas State,04:51,225,Next observed action in recording,227,Settings and account areas,Medium,Auto-extracted unique UI state; interpretation is conservative and evidence-led. Continued from video-derived Clue frames after removing old 001-004. Continued from video-derived Clue frames after removing old 001-004.,Not observed as paid on this screen
227,Settings Account Areas State,04:52,226,Next observed action in recording,228,Settings and account areas,Medium,Auto-extracted unique UI state; interpretation is conservative and evidence-led. Continued from video-derived Clue frames after removing old 001-004. Continued from video-derived Clue frames after removing old 001-004.,Not observed as paid on this screen
228,Settings Account Areas State,04:53,227,Next observed action in recording,229,Settings and account areas,Medium,Auto-extracted unique UI state; interpretation is conservative and evidence-led. Continued from video-derived Clue frames after removing old 001-004. Continued from video-derived Clue frames after removing old 001-004.,Not observed as paid on this screen
229,Settings Account Areas State,04:54,228,Next observed action in recording,230,Settings and account areas,Medium,Auto-extracted unique UI state; interpretation is conservative and evidence-led. Continued from video-derived Clue frames after removing old 001-004. Continued from video-derived Clue frames after removing old 001-004.,Not observed as paid on this screen
230,Settings Account Areas State,04:55,229,Next observed action in recording,231,Settings and account areas,Medium,Auto-extracted unique UI state; interpretation is conservative and evidence-led. Continued from video-derived Clue frames after removing old 001-004. Continued from video-derived Clue frames after removing old 001-004.,Not observed as paid on this screen
231,Settings Account Areas State,04:56,230,Next observed action in recording,232,Settings and account areas,Medium,Auto-extracted unique UI state; interpretation is conservative and evidence-led. Continued from video-derived Clue frames after removing old 001-004. Continued from video-derived Clue frames after removing old 001-004.,Not observed as paid on this screen
232,Settings Account Areas State,04:57,231,Next observed action in recording,233,Settings and account areas,Medium,Auto-extracted unique UI state; interpretation is conservative and evidence-led. Continued from video-derived Clue frames after removing old 001-004. Continued from video-derived Clue frames after removing old 001-004.,Not observed as paid on this screen
233,Settings Account Areas State,04:58,232,Next observed action in recording,234,Settings and account areas,Medium,Auto-extracted unique UI state; interpretation is conservative and evidence-led. Continued from video-derived Clue frames after removing old 001-004. Continued from video-derived Clue frames after removing old 001-004.,Not observed as paid on this screen
234,Settings Account Areas State,04:59,233,Next observed action in recording,235,Settings and account areas,Medium,Auto-extracted unique UI state; interpretation is conservative and evidence-led. Continued from video-derived Clue frames after removing old 001-004. Continued from video-derived Clue frames after removing old 001-004.,Not observed as paid on this screen
235,Settings Account Areas State,05:00,234,Next observed action in recording,236,Settings and account areas,Medium,Auto-extracted unique UI state; interpretation is conservative and evidence-led. Continued from video-derived Clue frames after removing old 001-004. Continued from video-derived Clue frames after removing old 001-004.,Not observed as paid on this screen
236,Settings Account Areas State,05:01,235,Next observed action in recording,237,Settings and account areas,Medium,Auto-extracted unique UI state; interpretation is conservative and evidence-led. Continued from video-derived Clue frames after removing old 001-004. Continued from video-derived Clue frames after removing old 001-004.,Not observed as paid on this screen
237,Settings Account Areas State,05:02,236,Next observed action in recording,,Settings and account areas,Medium,Auto-extracted unique UI state; interpretation is conservative and evidence-led. Continued from video-derived Clue frames after removing old 001-004. Continued from video-derived Clue frames after removing old 001-004.,Not observed as paid on this screen
